timestamp,source,rpm,speed,coolant_temp,throttle,engine_load,intake_temp,map,fuel_pressure,fuel_level,fuel_consumption,fuel_consumption_rate,errors
2025-10-28T21:09:43.480602,mock,,14.745643621142445,10.04882215949484,-40.0,0.25886201209960535,0.0,-39.105286129367606,10.0,16.46925050336645,1.8661739215286146,0.0,2.798660613125889
2025-10-28T21:09:49.029650,mock,,7893.276580482807,225.3539394678948,126.71515403726099,100.0,100.0,99.52675381006932,238.58323570043092,500.0,93.16946219459389,96.06940442652102,92.94327796070849
2025-10-28T21:09:54.871813,mock,,1046.6977159654602,17.13300675374806,-25.739327171897955,4.554519161240096,11.357838850151781,-32.80486034008734,21.5291929425495,41.55053919553718,5.597000189366598,6.614187890758476,13.576440327338485
2025-10-28T21:10:00.326932,mock,,5895.7794154406965,183.67438239231663,81.8235339905374,75.78431276586456,79.44139851391905,65.99769504901415,179.19010655178755,390.32398703905244,71.7461564841408,70.79598819576712,77.23740275366261
2025-10-28T21:10:05.796595,mock,,3620.531376788191,112.48120309413093,32.424397831991385,40.27338874015536,43.69148987454232,25.374396438616287,114.54291482095526,220.7963927881737,45.50857091819404,40.56623032629022,44.06646788548603
2025-10-28T21:10:11.148150,mock,,3014.5019872030116,77.14773644034247,13.783027932174612,38.07987793959827,36.881511409721845,1.8552065651905778,89.42614199204118,176.03901778528072,34.05520223146329,38.26263217306832,37.03055878187422
2025-10-28T21:10:16.469965,mock,,7033.562595553239,208.85999073362498,106.8478391656233,82.25180400293145,86.6764698626899,87.50425769490205,223.29119105416322,408.86173113947183,88.63104402103987,90.37414053766383,86.38230091421228
2025-10-28T21:10:21.839468,mock,,140.28693737355923,0.6422092875193425,-32.208709090552645,2.6390657507297597,6.035137394624917,-40.0,10.0,6.030760514630328,1.451877874914291,1.5160721662965961,6.093995536108084
2025-10-28T21:10:27.168522,mock,,8000.0,240.0,130.0,99.95831066348867,98.9666994562035,100.0,248.91915153013767,500.0,100.0,94.9748019150839,99.55650433871851
2025-10-28T21:10:32.492091,mock,,784.891579392135,20.086825354793408,-23.947492060160407,13.264605198069196,6.339981522348557,-29.50290585178099,32.277641471006206,35.30414105640647,12.174900017581045,6.750047363798569,11.048464291680782
2025-10-28T21:10:37.837862,mock,,5612.535111415187,167.22603455639023,82.34530496917804,70.63957870016156,66.60380352621645,59.54015425717503,181.10169770293183,355.7509569617316,67.2521045269649,69.35457725362137,72.90314005812213
2025-10-28T21:10:43.194902,mock,,4474.039658548156,128.7046662148091,50.49413996441716,46.445012686164354,52.96413444284297,25.621228924302883,135.4661688029515,273.04377694953286,54.537158084358374,54.717029909337235,48.09129883077633
2025-10-28T21:10:48.559770,mock,,1847.069238634909,69.93875204640167,9.684728379205268,30.03992650320624,30.526564182382256,3.3294065635486305,85.19273949722498,132.7282775458687,29.92169195268797,25.94760321780586,31.307333356787918
2025-10-28T21:10:53.929191,mock,,7102.447716757003,224.17508135726754,118.39666573643387,93.55887270071568,92.66245353915905,82.84048586984487,219.21112362035515,453.589336315049,90.04566910848501,94.68780523066897,93.71560311055444
2025-10-28T21:10:59.492879,mock,,495.57718173012546,0.3204246493432539,-39.05060006273315,5.558310537042501,2.599177133641349,-31.04136471330633,26.322363550859347,0.0,0.6125621519307789,0.0,2.3616524294984154
2025-10-28T21:11:04.822373,mock,,7834.981545889743,225.6251550743679,124.42879963510009,100.0,100.0,99.17314664926721,250.0,500.0,100.0,94.17507258414608,97.7639029158269
2025-10-28T21:11:10.243367,mock,,949.2857648672505,26.303638686500655,-24.345656124577264,14.106944043784925,5.289147867136813,-21.556124531614852,39.849487519710266,52.29689115617904,10.617498432616907,8.072865123321746,4.981462249041421
2025-10-28T21:11:15.567869,mock,,5741.954280616807,170.82381753529117,89.77166269820191,72.82393685917603,71.32204047981506,62.7340227009678,180.541450763219,379.2102911807681,76.80542700622179,75.52830283834706,72.27911173751934
2025-10-28T21:11:20.896616,mock,,4024.9725954794135,123.94316951066992,42.955714203833594,52.77147808571865,55.715794247166684,35.479637712199946,123.97331968028416,249.8471391057894,46.20718430873443,54.77997858620095,47.26939290733454
2025-10-28T21:11:22.053368,mock,,1715.9506025100839,66.90561320726404,-0.35765634006335034,18.77348722749525,23.24713676992288,-2.0079737238517623,78.12425759611884,126.75227701100239,22.348697332588067,20.954752773275167,27.882394081650673
2025-10-28T21:11:22.845380,mock,,975.5208888993521,20.33944433626417,-25.24399309807764,5.7098017417012255,8.209132228658925,-20.737532827716738,34.11828181812014,22.939825672402797,13.656081848046519,4.879391996970137,4.982960466805922
2025-10-28T21:11:28.027839,mock,,5752.550823941711,161.07406048403624,71.65079491307405,64.89767052504413,66.16305789888156,62.71810880865365,185.83035715161805,327.41273422108725,74.39194767883748,74.20502379223632,69.97416993869359
2025-10-28T21:11:33.283970,mock,,4475.175411747111,121.57741387087482,61.34651916471012,53.3162025034902,59.62581530811006,32.24000987450417,134.11644468548099,297.29929386161655,57.1770160299175,59.155806077215345,59.58919354990787
2025-10-28T21:11:38.574907,mock,,1883.275280915491,47.153308634440876,3.3602316938323042,25.307064789504093,25.848790682233787,-3.90431168571741,55.07313412740244,99.95522050550953,25.127591479642614,18.628870986074723,21.301674651475132
2025-10-28T21:11:44.111126,mock,,7084.81697788654,222.43833135806082,107.8197922282703,92.4080643449037,87.72487832576755,89.07990905548701,235.1778797250358,432.93140978031886,95.24478498147323,88.8378779155436,94.81966099560132
2025-10-28T21:11:44.803397,mock,,6416.993501839174,190.72161231941584,95.92267170424373,76.68788458960157,79.40522286814743,65.9707665400516,190.78696051572143,395.6191048233734,79.23656903838896,81.03902571183647,83.78484595621242
2025-10-28T21:11:49.983217,mock,,127.1473915171823,12.545379649310277,-34.25665941839293,0.0,2.4864484027808795,-33.91161428974492,28.443688463732872,8.763872033612195,2.5373742777580826,2.640954947384111,0.5421271668632942
2025-10-28T21:11:55.276506,mock,,7970.708033490065,240.0,123.8572744058848,99.17076218766657,95.11593291892811,93.35715741235907,250.0,500.0,100.0,100.0,97.3377899423982
2025-10-28T21:12:00.540952,mock,,1090.5504386413616,21.572422529155165,-26.728891600408815,10.854609998535073,4.5271736598646015,-32.653407206001276,23.164646575560347,70.60394483648655,11.900153493220996,7.231004461293193,8.896537284710995
2025-10-28T21:12:05.905095,mock,,6004.033827757562,167.64692233972713,86.61378929530476,74.03231217177418,78.20203630613797,67.11497975330997,194.85103428769662,372.32367232309997,72.57269430009978,71.74403270351102,77.81989581308946
2025-10-28T21:12:11.181509,mock,,4119.787172385456,130.46083694686388,53.5495808902746,50.649357799271236,53.64308523171629,35.48247289913898,126.03070995775403,269.912023490478,52.30438506054743,53.54578805738724,51.71576687570953
2025-10-28T21:12:40.759962,mock,,814.8847053772298,34.81353056816552,-21.860437486542253,7.571008016725671,5.098377373287235,-20.22559329605938,22.86402182633823,35.14401973041372,14.085498501342672,5.713752621143937,11.426022680951473
2025-10-28T21:12:46.021236,mock,,7937.898462338875,232.48348477065548,130.0,100.0,95.16209684684908,96.72341739526999,250.0,474.41923156093355,100.0,100.0,96.71191969249845
2025-10-28T21:12:51.336155,mock,,557.4457450109733,14.586595909920705,-35.41816759050725,5.343203645724651,0.850117267985637,-40.0,10.454805904177388,0.0,7.475666843115943,7.632555134676683,7.83343051854573
2025-10-28T21:12:56.573104,mock,,6630.862330355645,190.54638272702272,99.62377041390289,78.71984948391678,79.21748242782452,74.37798041648679,194.744665769185,426.63591198812907,79.72818140038876,77.18261461733807,80.79873963171724
2025-10-28T21:13:01.806921,mock,,3547.313089624673,90.10664069509275,34.98583371744948,45.74676373604872,40.72416162124246,20.29560432935854,102.99873263643113,187.28102703500676,42.554570760590536,43.469346555035834,45.50775579233451
2025-10-28T21:13:07.028656,mock,,2957.2060367741433,71.3986905646499,7.022063807458174,34.57532444213293,32.2961802577831,4.314542542381403,87.02729948766658,178.89956967539155,28.416777793014035,35.07633864177955,29.41683016145914
2025-10-28T21:13:12.301394,mock,,7330.460452957116,209.5645907014153,107.29226953505994,91.39752776886455,90.64391363214077,89.60327555490454,233.4825640468493,423.1284541048355,91.54737085281363,85.67849899046458,91.83816323589
2025-10-28T21:13:17.530737,mock,,42.64674452259848,3.46180007450577,-40.0,0.0,5.063415225042632,-40.0,14.554036532651441,0.0,0.0,0.0,0.0
2025-10-28T21:13:22.770973,mock,,7507.825860141803,230.63445355563897,128.6237484530961,96.54136003570022,99.16378010844585,91.78953908557324,232.44222567913178,500.0,100.0,100.0,95.14413889419222
2025-10-28T21:13:27.982553,mock,,1829.0283410522238,48.767716380201726,-8.62010142218347,17.496274028725765,21.265817325713442,-15.108606681233251,56.73572866048158,111.8802748882576,18.705760715294385,16.834391093732577,18.218963360674305
2025-10-28T21:13:33.208940,mock,,4365.129427489683,142.59540756851243,53.51995493908507,56.8915436988651,57.871485681953025,41.994837778957375,148.15447461390556,285.00694808343,55.46168387279792,60.32419091097958,53.24180068934833
2025-10-28T21:13:38.439620,mock,,5598.626127248413,158.65270271821737,83.78748854842706,71.23372552588391,67.81846384272089,56.26805335948919,184.1843765611876,348.4165132160225,64.83979123306088,69.6120131277512,70.80406059764084
2025-10-28T21:13:43.655408,mock,,1185.0993255602016,30.546426168507438,-28.60572326518698,10.921317284278583,9.63311089809248,-18.571761046619002,39.674282358321065,49.666209136510815,7.823821347098104,7.419794473020555,8.2015830302725
2025-10-28T21:13:48.903657,mock,,7579.135146995818,236.4439739757539,128.73227303195475,99.2360776872588,94.55783707579347,96.3676201003718,250.0,492.2450195971851,100.0,97.7922933275345,99.49357781641032
2025-10-28T21:13:51.183821,mock,,4794.980292278525,152.85181337576978,73.92799730143358,59.7369747541366,59.66578482269034,47.95173117720991,172.85739220946468,331.8371447373902,62.04579113480029,68.30282208920156,60.363517608789394
2025-10-28T21:14:09.436499,mock,,2041.8907083080157,64.96866469351764,5.7885946550486125,24.984824091259163,19.410673714662725,-11.1097368437696,57.95509450721039,98.21949747670794,26.0334983106284,23.367169381046693,27.629631451806247
2025-10-28T21:14:23.687143,mock,,4868.660714608635,144.29978001224197,68.0358298391942,61.168574081445485,61.79370480976989,47.73647993226872,152.4917875700175,312.2960537505466,66.78799496415246,61.955225735005136,66.96085052836108
2025-10-28T21:14:50.682365,mock,,7593.470325777017,240.0,121.9021803959813,93.75324894903473,92.28299722613131,88.9978558622361,237.1589293381152,500.0,100.0,92.32616098233117,98.23564239015492
2025-10-28T21:14:50.951474,mock,,7637.011281565342,226.36054272757866,123.54160568576691,95.88043457739074,99.94302367845691,100.0,236.9129231305787,500.0,100.0,96.38284402741584,100.0
2025-10-28T21:14:57.075750,mock,,0.0,0.0,-40.0,0.0,5.648868659148346,-30.461056483609028,14.188302998060257,16.962354773931626,0.0,0.0,0.0
2025-10-28T21:14:57.338787,mock,,0.0,7.978305091410749,-40.0,0.0,0.0,-40.0,10.0,0.0,4.62722345774105,5.587584099376722,5.348703810853031
2025-10-28T21:15:12.237961,mock,,2156.5697413895373,57.60996155316486,-5.4860385073650235,19.263768571211074,19.302273889248404,-5.915198403227642,52.68453539898986,101.30312434642379,18.751365738106106,26.395832377055523,17.995689241078093
2025-10-28T21:15:17.321849,mock,,7493.178819216166,234.29799649395017,118.16472512147286,91.83877745330066,95.85180343980264,90.87027068605522,249.6066045942279,500.0,100.0,94.08797803099188,94.83968328897426
2025-10-28T21:15:35.355104,mock,,0.0,0.0,-40.0,0.0,1.353036808720212,-40.0,10.0,0.0,0.0,1.8233137620920035,0.0
2025-10-28T21:16:04.517004,mock,,5962.371173712036,177.57746458877534,75.13947174588789,72.463953474107,71.11254249339517,58.08480014985096,185.81352703711323,346.1017402534669,70.74078896225832,71.81080443947873,68.12203505154656
2025-10-28T21:16:22.725108,mock,,3428.5763258787024,100.54177948144387,35.16322792150382,40.548866652647696,40.87275805742618,18.301585579698425,113.34891063321224,234.07298687411688,41.3906074377484,44.03237876028334,43.13675159891971
2025-10-28T21:16:22.983080,mock,,3451.2018616125583,102.12777031144854,26.37276938031232,37.05601771863552,37.568390034633694,13.854169384811009,98.3853293006789,214.99153113696613,40.35649033199712,42.63609705836056,35.85432095152074
2025-10-28T21:16:27.774769,mock,,2080.1793521333225,58.76355016222383,10.027990465204496,28.507222944567435,29.67043391337575,-11.486774870853601,67.85711948456273,144.04221568935378,26.724643901256123,28.086381406613597,22.995972863496984
2025-10-28T21:16:28.031371,mock,,2303.1126722687004,70.79695559040591,12.453059161897244,35.00077072511361,33.35558533610978,8.442352911147317,73.7889641819041,165.29293089319307,26.086054763229445,31.661759814635023,26.0850844224724
2025-10-28T21:16:29.265482,mock,,4946.785587879145,140.0449850415826,72.2275381104983,65.05207713889234,56.4241331909043,46.77626921604161,155.24895996847386,300.3607148930037,60.69818239241685,62.70767261395449,62.71219255370257
2025-10-28T21:16:29.519219,mock,,5671.338217925393,172.14251950361844,81.44509579094647,67.7843977892371,66.30670962838619,58.94234992471921,164.73629407821042,312.92935837659667,65.58522864110981,69.95132174960033,63.5765096037435
2025-10-28T21:18:23.914407,mock,,7134.023929847061,209.13879948288513,124.1743085251544,94.43951446596563,88.9307359322666,95.65468229167979,219.42306822126372,440.4544705864671,96.58775903669972,93.52958419648859,90.86815654009958
2025-10-28T21:18:25.784528,mock,,7411.725304366265,226.35032988796024,121.82797533401532,96.35379277330664,96.01050106944962,89.25675349704338,250.0,500.0,92.85497339971761,91.88896997341189,93.02640929574915
2025-10-28T21:18:36.023062,mock,,6422.029433043394,214.12374641081988,96.11206992743152,88.43143899452738,81.32052597069928,75.69197353776404,216.62255624630174,432.61367044265495,83.69038654566798,81.43193873255812,84.95958775715354
2025-10-28T21:18:46.264161,mock,,2509.7502707453145,66.65332037566976,9.30722629864956,27.919870048108603,35.39536494730271,9.58349227206525,90.97038775168174,163.3355891392152,35.735412467529834,31.87042842130343,30.913596143637324
2025-10-28T21:18:56.528968,mock,,0.0,0.0,-40.0,0.0,5.00803672584236,-34.82348109408588,10.0,0.0,2.081697022994708,0.0,1.259212946320056
2025-10-28T21:18:59.374105,mock,,3887.655144596238,107.63099417161028,27.427290610791687,43.94546317453988,46.82693781302198,17.15599125912953,112.26542019137632,234.98803782752648,41.83476190782777,48.08213871311523,39.841849841096305
2025-10-28T21:18:59.640115,mock,,4156.814576863045,113.4050031761091,51.513890909962996,49.284261807830326,52.81208237233233,29.264601908267707,120.56443359270614,239.1576631938891,55.53557832789509,51.63992022595186,55.13256407310726
2025-10-28T21:19:09.885791,mock,,111.49315874060184,1.8676828588631988,-27.202886761778252,0.3193285282208934,7.870372174812493,-28.558319355303887,31.7283326041633,30.43792067967841,9.097298280141626,1.8523970810497656,1.9719450130176186
2025-10-28T21:19:20.130605,mock,,1392.2114209834722,30.49159729153587,-21.77083117023348,9.21605109532443,11.512028924485861,-27.546886229919977,47.347475182345654,76.66465057991265,12.053425449858207,12.654748559151757,14.417801382725157
2025-10-28T21:19:21.777044,mock,,0.0,12.365723972807295,-35.949145573014704,0.0,0.0,-40.0,14.441340156326723,4.79517000909226,1.5256667551895586,0.0,0.13918295757921056
2025-10-28T21:19:32.050942,mock,,1966.1729346442366,67.39682963620753,9.685072979588938,28.98189718227645,20.97642570841639,-7.644973055231787,70.65142448380382,110.19985787652975,22.496102724604512,22.894298895543848,22.723070648774936
2025-10-28T21:19:38.431665,mock,,5832.870323709894,189.88647373683628,96.4088723926464,77.6793608771961,75.30760443926134,62.766658412649605,187.22281377016887,361.8678893918049,71.77704900647346,77.78918398009547,77.63849189619505
2025-10-28T21:19:48.693393,mock,,2086.5089583294935,61.3454990127414,-1.954888138762911,19.823260066404046,19.585216444335096,-12.456652096305252,51.961159849702696,94.35528604997373,25.878175146977366,25.059629269160578,17.13467608166218
2025-10-28T21:19:50.681517,mock,,5592.204755889403,177.6533061500329,86.27762866187155,66.42077940452798,66.41763793779175,62.45646182286552,185.0140897015856,346.87631720735936,65.03588174154731,66.4714733322733,65.84087825462876
2025-10-28T21:20:00.937137,mock,,1032.7321887500884,32.2991971489596,-19.61784369003573,11.851191298650265,17.88685482990538,-20.232658172014002,43.34925694456924,78.15490917690013,15.712669325075728,13.67846260233067,12.759970762749662
2025-10-28T21:20:11.222374,mock,,0.0,0.0,-32.02456991448701,0.0,0.7925033315263473,-32.63856388939436,13.739436067287722,21.663544966904126,1.7858103383894395,5.460358395301407,5.7183333853051215
2025-10-28T21:20:21.443866,mock,,3738.392595151743,115.03159503986095,34.831944952356636,50.688460277338656,43.45615446237085,18.130454910818862,121.09351400711336,224.99774348896548,48.93829135349985,44.94203270485758,51.0873654690142
2025-10-28T21:20:31.664061,mock,,7468.0552383436925,231.04694548420701,114.88650005429528,96.20466061254412,96.16365214356584,97.92053891082949,228.83813099312852,472.58737110256703,96.0223977097181,96.15337569322394,91.89901823921525
2025-10-28T21:20:41.903642,mock,,7048.029313870763,220.89555905321677,108.10992232754614,92.8725445221362,88.63325177901689,90.45806260628291,228.35209536995393,461.38373975005624,93.33235193193262,86.29045055609006,90.62024683429458
2025-10-28T21:20:52.124401,mock,,2802.6129318041694,82.69536106497999,21.594587865637727,39.136996529501886,31.686984901149586,9.316575261516718,106.38756652826406,155.49023948929283,38.83460640086762,38.329298264875845,36.331786182566056
2025-10-28T21:21:02.356211,mock,,83.06666485826436,5.209457229594142,-39.760612912899326,4.2569683872990245,0.883058524467948,-39.11980247532584,19.356676204239044,0.0,2.1019951316483096,0.0,0.0
2025-10-28T21:21:12.596683,mock,,1695.754907543884,62.17792668721043,10.819706929826168,27.93461177560629,23.861540023741803,-3.5261141090689563,81.4030046637632,146.9227729579986,21.328038254841925,24.72867527749778,23.896991001768352
2025-10-28T21:21:30.605230,mock,,4123.766069502832,134.76282570762604,60.00801948846791,54.68405601553875,50.569692007619736,37.06678536712391,138.48222695372098,297.31257305096335,54.09433114780954,53.831106599799185,57.23249569364746
2025-10-28T21:21:35.877625,mock,,5712.117756263856,168.4904905451525,73.04852205259891,68.38710778768325,66.19453869739725,51.04157152948886,183.43868975885968,324.4771667473819,72.44858544857941,73.97339702589693,74.34465581041461
2025-10-28T21:21:41.277912,mock,,1322.24083245787,24.80088277427583,-17.35738396557612,10.132452283114377,9.07951447064903,-27.191060897065704,47.208696495164105,86.62899296880761,7.720121324027812,13.362332079035385,13.056797321308759
2025-10-28T21:21:46.563602,mock,,7873.691800025351,237.95507704862155,125.01807735509513,100.0,100.0,94.17901072510682,238.06127177377542,486.54846835765693,98.53827336809374,94.89665253074533,96.29955927564541
2025-10-28T21:21:51.835905,mock,,0.9031515301125559,0.0,-32.26421730585953,3.7464191438756815,2.073726653273759,-31.883397277015362,11.385465760689103,0.0,1.1722728579864192,0.0,1.10668990089444
2025-10-28T21:21:57.050724,mock,,6717.350594344499,204.71112124709524,99.67459244739564,83.85496570062203,88.13819756632154,73.26233609277696,218.7504120488871,417.30247697168585,87.74667940123884,85.04118057519051,79.60629157786346
2025-10-28T21:22:02.273488,mock,,2880.3497076678545,84.44871721019614,21.48655546992365,35.168438246208424,36.67149743699809,10.533566307263605,92.2174445950378,196.620228099562,36.15466082654263,40.40654975243494,43.005387156925536
2025-10-28T21:22:07.496268,mock,,2719.082861723547,74.70491740322747,11.933206574422442,30.05959507186116,30.35481575087712,2.7057037959157952,91.51221312305545,182.93943795112938,31.75957550195424,30.784966178297008,30.579064387398358
2025-10-28T21:22:12.727230,mock,,6597.850462353558,212.88528593085093,113.19116668170639,90.79576241888539,86.1888674750692,84.73416377523314,215.02410861037117,424.9747300928515,90.82093924671065,86.93777322863238,91.17569214361431
2025-10-28T21:22:17.946054,mock,,416.70477784901414,3.0311810074845353,-38.060540157716304,0.0,1.9321868750229079,-40.0,20.666537019896758,1.7474048255214993,0.0,0.0,4.668431019899908
2025-10-28T21:22:23.180596,mock,,7672.245720071697,223.7356895102198,126.54814327678304,94.51167145232074,98.69226030584291,91.43167504199667,246.36347054870325,500.0,94.40875540903197,100.0,99.07540676570966
2025-10-28T21:22:28.423886,mock,,1705.9066839188008,45.31880799235386,-5.2422933272047985,19.297201336870028,12.377050519980035,-11.85810173377281,51.3928211432014,90.22369691485174,16.409739948469078,16.447402535851083,17.558428259006348
2025-10-28T21:22:33.633839,mock,,4443.536501869019,135.66303094563997,62.75554664785085,58.32968334576726,60.94463497331826,41.099593230168296,150.57790967296864,294.77550089738935,61.00230490184369,55.47275104350181,60.83732254288952
2025-10-28T21:22:38.874629,mock,,5576.425274947385,155.04815309558523,75.97448971538385,68.1201396454115,63.16380026986398,58.35535686677645,169.268640591706,349.8692712191285,66.79869007982828,66.0338249281048,62.958664413823264
2025-10-28T21:22:44.124303,mock,,1305.6976887792393,20.219329676635567,-21.858139321727734,9.515034446905132,17.073332186931616,-15.683247870600695,44.81723969442544,53.26626621078944,15.800420380172003,13.690685472114424,10.973712561855484
2025-10-28T21:22:49.365662,mock,,8000.0,235.7542569382179,124.7344505724582,94.06203593649445,99.16969688512476,100.0,239.91932031328355,500.0,100.0,97.10629479174567,100.0
2025-10-28T21:22:54.599288,mock,,521.8652236501006,7.844249007811702,-27.71971665150076,0.0,0.0,-33.475149641302785,12.050098148234044,15.6313109751079,6.9726377668116015,3.231712534945165,6.389790577412358
2025-10-28T21:22:59.829534,mock,,6864.642056740587,196.3480256988874,109.47059585378253,81.64802895984013,81.91025237754661,76.02580784361922,215.67461096323777,417.6347490303617,80.33709344286157,82.90504035688127,87.3770200515318
2025-10-28T21:23:05.081728,mock,,3236.0497245402375,105.24653232690655,19.05100363643526,39.12656931861689,39.35741600951984,9.539968989236186,106.11520343762274,212.28548885109046,44.351885234772425,42.10886451899308,36.91120267325906
2025-10-28T21:23:10.314962,mock,,3156.815973229185,88.2255008984769,17.07450173921869,33.76532068726619,31.336199504506183,10.975197197787587,91.31629348788451,165.93030885357805,35.56331377449542,36.19684753188491,33.29694678189422
2025-10-28T21:23:15.548671,mock,,6916.344662135138,214.76419787905954,103.74828608497194,84.74307221755875,82.71326207722983,80.08930142564823,225.7784773489634,455.71932455615087,89.58284517291352,89.84740466647408,89.55599345311968
2025-10-28T21:23:20.762966,mock,,351.23778347032254,3.010793552958701,-32.47982483015032,5.369059183345986,0.0,-39.24041580340847,10.0,0.0,0.0,0.0,3.2586540678989264
2025-10-28T21:23:26.027344,mock,,7931.311942334087,240.0,119.72754291306913,100.0,100.0,98.50863271149805,242.342206600489,477.71169195284233,92.88265922895756,93.62892853301912,92.72352875719399
2025-10-28T21:23:31.249116,mock,,1620.4224107095824,46.36804615456451,-19.163490675684017,16.26642458459491,20.12296939229854,-23.31528550909318,38.50710368926332,74.26275059938327,15.987713548698546,11.934966737000005,14.196212294904175
2025-10-28T21:23:36.463976,mock,,4519.623163870756,142.49276354348044,62.42969580201506,57.55625525644371,58.20637337809577,47.81975933935506,162.64675587188634,298.13392554673635,62.501891849063306,55.390827620909434,55.80054339456899
2025-10-28T21:23:41.702358,mock,,5385.449801242208,165.57119825872417,75.42058535941644,61.52302183536311,65.04875463072804,50.60994858202595,173.24719848454512,330.9652913201855,63.53791622696085,68.98700859368077,70.15367766966018
2025-10-28T21:23:46.929353,mock,,1037.624624456916,20.41927542088037,-14.72748473337358,12.28253317179823,11.308495104025809,-22.588081881332457,37.64337785825379,69.19331015742281,8.297295127560272,14.952876011692911,13.241618252242851
2025-10-28T21:23:52.155325,mock,,7793.138623939516,232.49018203133159,130.0,94.60008025860748,100.0,96.76927043075159,244.95710202696495,473.49429466507684,94.29848265434431,98.48370120406273,100.0
2025-10-28T21:23:57.408469,mock,,271.4930591287262,10.057170332430076,-35.563168710820506,5.639593507059009,5.301686439532821,-34.707104809312376,25.04074506031761,7.625497271454389,4.18685378639681,1.0022514766843702,6.470353486084268
2025-10-28T21:25:15.431775,mock,,1455.6159195145938,58.05864953036543,4.334464645080786,20.817268528453134,27.26919760908665,-9.143036515238784,53.534920317986774,122.88854371011108,21.62648726720348,17.828867960068877,25.215414001030656
2025-10-28T21:25:20.718328,mock,,7616.6906033645355,214.60825707341675,125.14209651587333,98.46135232190153,89.79754763991225,97.08126031439,241.707979092096,485.2677022252191,91.31247899005643,90.32555594357285,96.07262904281806
2025-10-28T21:25:25.999488,mock,,0.0,0.0,-34.157093452219804,3.5326305547014365,0.0,-34.82038832346873,10.0,22.28414791715718,0.5463659132700818,0.0,0.0
2025-10-28T21:25:31.239129,mock,,7478.119084191278,229.11886876597242,116.53366709953656,91.07820310708034,90.64766592941763,84.30002271400362,221.62563756417055,445.70305995189176,88.47590766995113,95.66279266339765,92.07328869622103
2025-10-28T21:25:36.457107,mock,,2045.9436324996086,72.17602867143464,1.189788529656461,30.08156300522572,26.383194166241058,-2.5522094710804737,78.83654703474735,122.32296859380682,21.139932704396113,29.24386765248816,25.710741330192345
2025-10-28T21:25:41.683601,mock,,4023.6853434523337,113.50833792938124,35.533670344858166,47.80290038547239,44.03108588780669,30.273458616973684,135.8088203136118,235.64142073031053,47.857373442097625,49.469603849917945,53.29555581081408
2025-10-28T21:25:46.927823,mock,,5844.14242034991,190.58903632263983,94.79008565396467,80.72455530349794,72.8397992029857,70.58748375436053,198.5864285442839,358.46839652417725,75.6284572656937,80.24369714296297,77.32812418652317
2025-10-28T21:25:52.160383,mock,,427.7450194654705,8.311182178276946,-22.477944671912162,1.1998145409429748,4.8012328685171655,-34.45763053307015,26.00907560644324,41.628062986120746,6.773879017152871,6.766035456936281,5.166450108726588
2025-10-28T21:25:57.407990,mock,,7646.6717725053795,240.0,130.0,100.0,100.0,100.0,238.26619354333397,500.0,100.0,100.0,99.68966300792799
2025-10-28T21:26:02.654922,mock,,303.63338113817457,10.32182289922281,-20.57241502585089,8.748340973159156,3.6883262025180095,-27.249877987533075,18.790671557874173,55.93496920742529,9.650915923088691,3.893885660965942,9.014844372455572
2025-10-28T21:26:07.876517,mock,,5617.695253798334,177.6976853505714,87.6805827817521,76.15053843906585,74.27534794763739,63.95045319502475,190.7227665058304,361.23488758888607,78.83080526780631,74.64068986595275,76.05617869956767
2025-10-28T21:26:13.119041,mock,,4183.365962215184,122.11374614768664,46.550248418193036,51.84995088040405,55.36898766095476,36.90818480802079,126.75517167808235,269.07926492266245,52.02640610846666,55.248236333660294,53.62787754569774
2025-10-28T21:26:18.355639,mock,,2246.1825279771083,60.1115440877127,0.42905465626749617,22.487787190100768,25.695825367811132,-6.97795616665497,68.76038581362293,108.18930865525475,26.893467603182668,25.848599655036587,26.90333110672633
2025-10-28T21:26:23.596142,mock,,7880.3563628024585,220.99419214710645,125.85505669745328,94.48887578897832,96.5393246019185,90.28137320334986,245.26474062269529,489.46478391587533,97.18922798300834,93.95385832048893,92.23906579917629
2025-10-28T21:26:28.845705,mock,,0.0,9.08316799850544,-40.0,2.612976028834382,0.0,-38.094397844085464,15.54113794070437,24.048832457908365,0.03237240271464353,2.8951474866887525,0.0
2025-10-28T21:26:34.097990,mock,,7068.591245538919,217.65748826572374,125.171420390464,94.36067233151849,91.2682355433066,87.06628146339057,241.81244418316277,491.55220946934134,93.83624095179891,89.60219029651475,94.40887435245837
2025-10-28T21:26:37.139906,mock,,6552.326218631256,188.7439447440595,98.507158577859,81.83475777244247,80.55045114839885,68.75062420040614,202.33827215323035,380.847351525548,79.41031632115012,82.0239321337976,80.01878268893708
2025-10-28T21:26:38.781343,mock,,3222.0021126335787,80.9226038220166,32.31691971874716,39.33979199155397,42.13560206782252,11.46760401570144,98.61174116998004,198.56375563276723,34.38321639847995,35.161056671092446,33.15463689040349
2025-10-28T21:26:40.024213,mock,,939.5129694991653,27.82765581601741,-17.28576034121818,13.398757536518854,11.275940922789571,-27.068821120774693,40.907019382933015,43.10974746497137,12.216561234527928,14.473586679810529,8.731484898241236
2025-10-28T21:26:41.255276,mock,,87.75613772721613,3.2473642280054267,-32.01292566886747,0.0,0.0,-33.38302101278011,10.0,14.27694272051066,0.0,3.6071464683312917,0.0
2025-10-28T21:26:42.472230,mock,,671.9438560308454,14.90213235240117,-36.55397105549018,6.476866361568254,10.674586947923228,-33.55629192825922,36.115530417048085,43.95179192562183,5.696043828605894,1.7422859671381006,6.569306911025752
2025-10-28T21:26:43.687904,mock,,2547.9820667903496,71.3141787545793,6.810377744261608,25.91067910542064,26.538408345758118,-5.7944508694881875,90.4447771973317,123.43082125503102,24.29042408024447,26.274624205129626,29.66142392875294
2025-10-28T21:26:44.927205,mock,,4383.379708505345,134.14827795603404,54.638070992684135,60.133218749995166,60.33932926582821,35.62457525414956,145.52193505051423,297.3353886742454,55.17565816283668,63.789753373781124,57.966135868192104
2025-10-28T21:26:46.155187,mock,,6894.365060259162,198.79796577098398,103.67752170885936,85.88331235728684,90.16689408594566,75.08799299518382,208.42343992918035,403.65008722391565,82.89890594710066,84.37244124110853,86.01978326579207
2025-10-28T21:26:47.175639,mock,,7872.587782596764,232.65521783541573,126.12067195147165,93.86714531967397,99.7326163904447,100.0,249.4057514466431,486.15188499288826,96.68909301881611,93.68757041396351,100.0
2025-10-28T21:26:49.405775,mock,,6290.763580332863,189.9600205789726,95.42669024710037,84.15685058100802,86.81344000577043,82.72003815116707,206.72151996740115,426.89333046827255,80.6423925197166,82.50822361228163,78.50850246255867
2025-10-28T21:27:53.643206,mock,,4015.0448088096696,116.1763878141929,49.5870760395008,51.55443971180455,53.03182124501515,35.60593746879148,139.50079811628916,244.82993976683386,48.727873175089464,55.27310518563048,49.30805270222054
2025-10-28T21:27:53.908458,mock,,3577.259314188846,100.70801982936355,35.054378628410845,47.24777163324801,44.39540931123115,21.601430550165503,110.80408281543207,204.53632647688516,47.73380053023224,47.66733783737539,46.70723389773785
2025-10-28T21:28:00.673886,mock,,5526.525364372233,172.3484433264815,78.97253627824303,70.16053304188023,65.98181399296107,48.65069038349583,182.59264084694607,352.5123445914204,68.55470847981722,66.25649966820232,66.0572654904427
2025-10-28T21:28:00.938448,mock,,5842.277760190143,169.8174584994625,92.67860414943115,77.26903894286427,71.07681328139108,58.27721643502592,191.7646032419433,350.1759296239301,70.23325661759065,74.52724190062052,69.21267899349172
2025-10-28T21:28:40.786157,mock,,8000.0,237.09747119992065,130.0,99.1515558073162,100.0,100.0,250.0,500.0,100.0,100.0,100.0
2025-10-28T21:28:49.077552,mock,,1435.3904214192498,60.38034546607675,6.064665019382609,25.195974620236463,26.387370194468946,-10.790820869549059,75.8778078515592,118.08806174379562,18.056622897082946,24.572459989698174,23.029749498367437
2025-10-28T21:28:49.600904,mock,,2829.0536410052446,78.11092766205779,26.744736581394903,30.215999142595113,29.69364368440261,7.119883846504436,104.22745885417135,161.34693776333225,34.529384828688606,30.80865765208609,35.54067436613643
2025-10-28T21:29:01.148520,mock,,1287.9807447688092,25.733148824773735,-13.281269109270045,10.956791657728026,13.492576446853697,-27.2213856299685,49.57486279915917,44.18519232572189,8.564624767986317,9.53619653010932,8.943892803035252
2025-10-28T21:29:02.965816,mock,,4021.198221456636,141.86358983151828,59.13752806347486,55.762595607825475,53.579992110671505,37.10143128086847,150.06802805820993,269.21329233925,50.37675586791872,58.13489841416262,53.93006739072433
2025-10-28T21:29:03.563204,mock,,5835.072419875538,164.1985528131421,82.82913661506775,71.15586188063135,72.36006359419912,50.114867984021956,164.74239429609136,331.60938415655505,65.12329309653981,69.70364045832534,66.03960590631714
2025-10-28T21:29:04.213962,mock,,6600.98550906353,195.2934889445817,97.86116632537156,80.12426552361481,86.29679523484666,75.14554301369517,196.52405572935368,432.3121907277893,83.48666839879856,85.27193450562044,80.64067404960382
2025-10-28T21:29:05.805550,mock,,8000.0,232.95021543981966,129.2987755633176,96.03426283647933,100.0,94.69677602983097,249.80378268590206,484.6634075193973,97.40331440856747,97.44179092319428,99.6143860958113
2025-10-28T21:29:06.067931,mock,,8000.0,240.0,130.0,100.0,99.83276409172336,100.0,239.1931971612972,495.9490252337157,100.0,100.0,100.0
2025-10-28T21:29:06.420854,mock,,7973.085697901047,240.0,120.06303002837595,100.0,100.0,100.0,250.0,500.0,94.31019044830379,94.57813758135826,96.89877724790009
2025-10-28T21:29:06.926544,mock,,7290.160066412477,230.85804180087368,124.77778807135243,98.37893324168543,93.16391341544644,90.04785484630506,237.0672118356539,462.4816496666932,91.98573375822077,94.93355780646212,94.72976534245575
2025-10-28T21:29:08.187011,mock,,5755.1398692719995,163.87856793413064,85.78538839173343,73.9104251654169,73.34167207263916,62.380174689674135,184.27982825643107,360.5348796294918,72.76382605827725,69.5462421750371,71.93335106050495
2025-10-28T21:29:08.486245,mock,,5223.966176829317,150.4090889920247,62.33044815917556,66.93393750670475,65.55238249093043,50.528197763508956,166.65246281344739,301.0789719336398,67.63896504948632,65.06270942534222,69.01819649687737
2025-10-28T21:29:08.747669,mock,,4753.400063182037,130.32641275680606,53.44388164874857,56.661321742878414,59.42268519105222,42.556975532230354,145.8576540376925,293.1085695736644,61.644974167125824,55.12559944013204,61.05887799362031
2025-10-28T21:29:08.962863,mock,,3835.6940971155486,124.4362820295754,50.28651331144819,54.291321214295685,53.34602822296738,35.25145662124933,145.71263449882088,282.14101836629874,52.04786400419752,54.64211458145882,56.92468721505636
2025-10-28T21:29:20.298968,mock,,6743.711008647139,187.21028479013864,94.6267533647495,84.53912781862908,82.7814402209675,71.99870580003014,200.22622727753452,389.0857028443863,81.2093918131491,79.94478517085635,76.97988646601584
2025-10-28T21:29:52.094157,mock,,2267.0790276532884,67.02127597318915,11.631307656580866,29.647622851548494,31.022569852495586,1.6665460283767999,78.50512985123348,125.31459297154326,28.0904986112565,24.645143069195573,22.24906168429976
2025-10-28T21:30:14.517130,mock,,0.0,0.0,-39.149692021101046,3.4252067266370148,6.650791681562255,-40.0,10.0,27.05565648525098,0.0,0.0,0.0
2025-10-28T21:30:14.789086,mock,,0.0,11.569315728875692,-35.73200378648528,0.0,1.7738930858715722,-37.58172499771592,17.61641112638774,18.551863135295005,0.3498504307146391,0.7051263953624445,0.0
2025-10-28T21:43:46.279532,mock,,7527.081655194952,238.49558405395365,130.0,93.46238449275516,93.39385193476845,100.0,242.89163059306168,480.7587813049815,94.33034563157187,94.04654452668845,92.6617401548358
2025-10-28T21:43:51.603314,mock,,0.0,0.0,-40.0,0.0,0.0,-33.86571986635765,10.0,0.0,0.0,0.0,0.0
2025-10-28T21:43:56.981277,mock,,7270.856233541892,230.81078512074833,117.04633343381661,96.55642985781134,92.71214263464928,90.80816402963524,230.41765042119715,452.27560974346994,88.3820309595607,86.9948285267491,93.7230254079104
2025-10-28T21:44:02.222337,mock,,2415.31371974979,73.91193948078069,14.484582241842396,29.111683084074148,30.404313833961893,-3.6975136665784447,76.00351862087483,125.1219497931276,28.410638531449077,27.88996103713827,27.004845641715725
2025-10-28T21:44:07.481824,mock,,4117.900561532773,102.93739325798288,38.30796811302946,52.63826357032716,46.03307098580827,29.368187350423455,121.059943250548,245.94751769313174,44.272290159654794,50.738440979194046,52.229462306064775
2025-10-28T21:44:11.431206,mock,,7904.438977637429,225.88293971095877,126.69093056197659,99.29560269854974,94.55861712161266,100.0,231.3408704437016,487.65739475592443,100.0,95.01420758911794,99.37579213972158
2025-10-28T21:44:12.744126,mock,,6359.4489784309435,182.94830579789235,83.44673636568706,72.07324603633364,75.99313867184546,73.03092429946182,194.70402910481263,406.602658777448,71.84052625842064,73.92318857633255,79.45295951429458
2025-10-28T21:44:13.003767,mock,,5556.4091842804755,160.34084157612315,84.10967493942805,70.92065133244833,71.97136416701423,57.703084517856354,179.70734550826504,339.0748110121643,69.600765333434,65.97748728274976,66.92565515596407
